name;headcount;industry;revenue;address;description;news
Alpine Robotics GmbH;120;Industrial Robotics;18500000;Industriestrasse 12, 4020 Linz, Austria;Developer of autonomous mobile robots for logistics and manufacturing;Expanded AUTARK pilot deployments
Danube Data Solutions AG;45;Data Analytics & AI;6200000;Donau-City-Strasse 7, 1220 Vienna, Austria;Provides AI-driven analytics platforms;Announced new enterprise clients
Tyrol Energy Systems GmbH;300;Renewable Energy;95000000;Technikerstrasse 4, 6020 Innsbruck, Austria;Designs renewable energy and smart grid solutions;Expanded battery production
Meshmakers GmbH;25;Data Platforms & Mesh;3100000;Getreidemarkt 9, 1060 Vienna, Austria;Builds decentralized data mesh platforms;Released OctoMesh beta
Factory-X Austria GmbH;80;Industrial Data Integration;14000000;Getreidemarkt 9, 1060 Vienna, Austria;Implements industrial data connectors;Joined EU Factory-X initiative
SmartFlow Analytics GmbH;60;Supply Chain Optimization;9800000;Donau-City-Strasse 7, 1220 Vienna, Austria;Optimizes procurement processes;Released new dashboard
ZeroEmission Logistics AG;210;Green Logistics;42300000;Industriestrasse 12, 4020 Linz, Austria;Operates low-emission freight networks;Expanded electric fleet
Trusted AI Systems GmbH;35;AI Compliance & Governance;4600000;Seestadtstrasse 1, 1220 Vienna, Austria;Develops trustworthy AI tooling;Selected for public AI pilots
Alpine Robotics Research OG;18;Applied Robotics R&D;1200000;Inffeldgasse 21A, 8010 Graz, Austria;Experimental robotics research;Partnered with university labs
Industrial Energy Labs GmbH;55;Energy Optimization Software;7400000;Technikerstrasse 4, 6020 Innsbruck, Austria;Industrial efficiency software;Won new contracts
Vienna Quantum Computing AG;90;Quantum Software;22000000;Donau-City-Strasse 7, 1220 Vienna, Austria;Develops quantum simulation frameworks;Opened new research unit
Linz Mobility Tech GmbH;140;Autonomous Mobility;28000000;Industriestrasse 12, 4020 Linz, Austria;Autonomous vehicle control systems;Signed automotive OEM deal
AustroGrid Intelligence GmbH;75;Energy AI;11500000;Technikerstrasse 4, 6020 Innsbruck, Austria;AI for grid optimization;Secured national funding
Vienna Health Data AG;160;Health Analytics;36000000;Seestadtstrasse 1, 1220 Vienna, Austria;Healthcare analytics platforms;Partnered with hospital network
Danube Cloud Infrastructure GmbH;95;Cloud Infrastructure;19500000;Getreidemarkt 9, 1060 Vienna, Austria;Enterprise cloud solutions;Opened new data center
Graz Autonomous Systems GmbH;130;Robotics;25000000;Inffeldgasse 21A, 8010 Graz, Austria;Industrial robotics integrator;Expanded export markets
Alpine Green Hydrogen AG;240;Hydrogen Energy;87000000;Technikerstrasse 4, 6020 Innsbruck, Austria;Hydrogen production systems;Built new pilot plant
SmartFactory Digital GmbH;70;Industry 4.0;9200000;Getreidemarkt 9, 1060 Vienna, Austria;Factory digitization software;Signed 3 new plants
Urban Data Infrastructure AG;110;Urban Analytics;17500000;Donau-City-Strasse 7, 1220 Vienna, Austria;Smart city data integration;Won public tender
Logistics AI Hub GmbH;65;Logistics AI;10200000;Industriestrasse 12, 4020 Linz, Austria;AI routing systems;Expanded to Germany
Vienna Cyber Defense AG;180;Cybersecurity;42000000;Seestadtstrasse 1, 1220 Vienna, Austria;Enterprise cyber defense;Secured banking clients
GreenChain Mobility GmbH;85;Sustainable Transport;15800000;Industriestrasse 12, 4020 Linz, Austria;Green logistics software;Closed Series B
Tyrol Smart Materials GmbH;150;Advanced Materials;33000000;Technikerstrasse 4, 6020 Innsbruck, Austria;Smart composite materials;Expanded R&D
Quantum Secure Networks GmbH;60;Cybersecurity;9900000;Donau-City-Strasse 7, 1220 Vienna, Austria;Quantum-safe encryption;Won EU grant
Industrial AI Automation AG;260;Industrial AI;61000000;Industriestrasse 12, 4020 Linz, Austria;AI-based automation;Opened new factory
Austrian Robotics Integrators GmbH;105;Industrial Robotics;21000000;Inffeldgasse 21A, 8010 Graz, Austria;Robotics integration services;Signed automotive contract
Vienna Smart Infrastructure GmbH;130;Smart Infrastructure;27500000;Seestadtstrasse 1, 1220 Vienna, Austria;Urban infrastructure software;Won city contract
Energy Data Dynamics GmbH;95;Energy Analytics;14500000;Technikerstrasse 4, 6020 Innsbruck, Austria;Energy monitoring software;Expanded EU operations
AI Manufacturing Systems AG;220;AI Manufacturing;54000000;Industriestrasse 12, 4020 Linz, Austria;Predictive maintenance systems;Opened US office
Sustainable Grid Solutions GmbH;115;Renewable Energy;26000000;Donau-City-Strasse 7, 1220 Vienna, Austria;Grid stability solutions;Signed utility client
Graz AI Research Labs GmbH;40;AI Research;5200000;Inffeldgasse 21A, 8010 Graz, Austria;Applied AI research;Partnered with industry
Digital Factory Systems GmbH;75;Industry 4.0;11200000;Getreidemarkt 9, 1060 Vienna, Austria;Smart factory dashboards;Expanded product line
HydroPower Analytics AG;190;Renewable Energy;48000000;Technikerstrasse 4, 6020 Innsbruck, Austria;Hydropower optimization;Won Alpine contracts
LogiChain Networks GmbH;55;Supply Chain Software;8300000;Industriestrasse 12, 4020 Linz, Austria;Digital supply chain platform;Closed funding round
Urban Mobility Grid AG;140;Mobility Tech;30500000;Donau-City-Strasse 7, 1220 Vienna, Austria;Smart traffic systems;Signed public transport deal
Vienna Industrial AI GmbH;88;Industrial AI;17200000;Seestadtstrasse 1, 1220 Vienna, Austria;Factory AI solutions;Expanded pilot sites
Alpine Smart Robotics GmbH;150;Industrial Robotics;32500000;Industriestrasse 12, 4020 Linz, Austria;Collaborative robotics systems;Signed global OEM
Energy Systems Austria AG;310;Renewable Energy;120000000;Technikerstrasse 4, 6020 Innsbruck, Austria;Integrated renewable plants;Opened new site
CyberSecure Austria GmbH;130;Cybersecurity;27500000;Seestadtstrasse 1, 1220 Vienna, Austria;Managed security services;Signed enterprise contracts
Factory Intelligence Labs GmbH;95;Industrial AI;15500000;Getreidemarkt 9, 1060 Vienna, Austria;Factory analytics software;Expanded customer base
Green Mobility Systems GmbH;175;Green Logistics;38000000;Industriestrasse 12, 4020 Linz, Austria;Emission-free logistics solutions;Launched new fleet
Smart Energy Analytics GmbH;85;Energy Optimization Software;11800000;Technikerstrasse 4, 6020 Innsbruck, Austria;Energy AI dashboards;Won public energy contract
AI Data Platforms Austria AG;200;Data Platforms & AI;52000000;Donau-City-Strasse 7, 1220 Vienna, Austria;Enterprise AI data platforms;Secured multi-year contracts
